Philosophie,grec ancien,langue grecque,langue,système,ensemble,éléments,mathématiques,connaissances,notion,connaissance,philosophie
"Philosophie
",grec ancien,sagesse,Antiquité,Occident, Orient,vérité,méditation,juste,beau,bien,
Grec ancien,dialectes,arcadochypriote,attique,ionien-attique,Athènes antique,littérature grecque,période hellénistique,koinè,lingua franca,Antiquité,
langue grecque,hellénique,forme moderne,démotique,locuteurs,Grèce,Chypre,diaspora,minoritaires,Turquie,Italie,
langue,signes linguistiques,vocaux,graphiques,gestuels,communication,sociolinguistique,idiome,communication,identification,langue naturelle,
système,ouvert,fermé,isolé,grec ancien,histoire des sciences,modèle mathématique,axiomes,Aristote,newtonien,système nerveux,
ensemble,omnis,axiomatique,théorie des ensembles,appartenance,fonder les mathématiques,mathématique,Georg Cantor,relation,Zermelo,mathématiques,
éléments,relation,symétrique,ensembles,classes,théorie des ensembles usuelle,axiome extensionnalité,,,,,
mathématiques,raisonnements logiques,nombres,formes,structures,transformations,recherche,discipline,arithmétique,algèbre,,
connaissances,notion,sens,langage,sciences cognitives,philosophes contemporains,gnoséologie,science,philosophie,épistémologie,,
notion,connaissance,empiriques,concept,philosophie,,,,,,,
connaissance,philosophie,proposition,savoir-faire,acquaintance,croyance,vraie,Edmund Gettier,vraie,Théétète,,
,,,,,,,,,,,
,,,,,,,,,,,
langue,système,ensemble,éléments,mathématiques,connaissances,notion,connaissance,philosophie,,,
langue,signes linguistiques,vocaux,graphiques,gestuels,communication,sociolinguistique,idiome,communication,identification,langue naturelle,
système,ouvert,fermé,isolé,grec ancien,histoire des sciences,modèle mathématique,axiomes,Aristote,newtonien,système nerveux,
ensemble,omnis,axiomatique,théorie des ensembles,appartenance,fonder les mathématiques,mathématique,Georg Cantor,relation,Zermelo,mathématiques,
éléments,relation,symétrique,ensembles,classes,théorie des ensembles usuelle,axiome extensionnalité,,,,,
mathématiques,raisonnements logiques,nombres,formes,structures,transformations,recherche,discipline,arithmétique,algèbre,,
connaissances,notion,sens,langage,sciences cognitives,philosophes contemporains,gnoséologie,science,philosophie,épistémologie,,
notion,connaissance,empiriques,concept,philosophie,,,,,,,
connaissance,philosophie,proposition,savoir-faire,acquaintance,croyance,vraie,Edmund Gettier,vraie,Théétète,,
"Philosophie
",grec ancien,sagesse,Antiquité,Occident, Orient,vérité,méditation,juste,beau,bien,
,,,,,,,,,,,
,,,,,,,,,,,
Dialectes,Latin,Latin (homonyme) ,Homonymie,Mercure,Nom propre,Grammaire,Langue,Cf. Au dessus,,,
Latin,Langues romanes,Vatican,Typologie,SOV flexionnelle,Langues indo-européennes ,Langues italiques,Langues latino-falsiques,Langue officielle,,,
Latin (homonymie) ,Homonymie,alphabet latin,Langue latine,Locuteurs,Langues romanes,Amérique latine,Linguistique,Guyane française,,,
Homonymie,Mots,Langue,Ambiguïté ,Polysémie ,Linguistique,Signifiant,Signifié,Locutions,,,