langue,signes linguistiques,vocaux,graphiques,gestuels,communication,sociolinguistique,idiome,communication,identification,langue naturelle
système,ouvert,fermé,isolé,grec ancien,histoire des sciences,modèle mathématique,axiomes,Aristote,newtonien,système nerveux
ensemble,omnis,axiomatique,théorie des ensembles,appartenance,fonder les mathématiques,mathématique,Georg Cantor,relation,Zermelo,mathématiques
éléments,relation,symétrique,ensembles,classes,théorie des ensembles usuelle,axiome extensionnalité,,,,
mathématiques,raisonnements,nombres,formes,structures,transformations,recherche,discipline,arithmétique,algèbre,
connaissances,notion,sens,langage,sciences cognitives,philosophes contemporains,gnoséologie,science,philosophie,épistémologie,
notion,connaissance,empiriques,concept,philosophie,,,,,,
connaissance,philosophie,proposition,savoir-faire,acquaintance,croyance,vraie,Edmund Gettier,vraie,Théétète,
Philosophie,grec ancien,sagesse,Antiquité,Occident, Orient,vérité,méditation,juste,beau,bien
Grec ancien,dialectes,arcadochypriote,attique,ionien-attique,Athènes antique,littérature grecque,période hellénistique,koinè,lingua franca,Antiquité
langue grecque,hellénique,forme moderne,démotique,locuteurs,Grèce,Chypre,diaspora,minoritaires,Turquie,Italie
Dialectes,latin,variété linguistique,langue naturelle,régiolecte,géolecte,dialectologie,géographie linguistique,continuum,sociolectes,sociolinguistique
Latin,langue italique,langues indo-européennes,Latium,Rome antique,langue morte,langues romanes,Italie préromaine,période républicaine,époque impériale.,Langue flexionnelle
langue italique,famille,langues indo-européennes,langues sabelliques,langues latino-falisques.,vénète,sicule,Italie,Italiques,latin,Latium
famille,communauté,individus,liens de parenté,sociétés humaines,anthropologue,Claude Lévi-Strauss,nom,domicile,solidarité,époux
Ouvert,astronomie,amas ouvert,électricité,circuit ouvert,électronique,sortie collecteur ouvert,informatique,format ouvert,système ouvert,
participe passé,mode,verbe,adjectif,langues flexionnelles,conjugue,fléchir,nom,accorder,français,
grammaire,règles qui régissent une langue,énoncés,phonétique,phonologie,orthophonie,morphologie,orthoépie,orthographe,syntaxe,
fermé,topologie,complémentaire,ouvert,géométrie,courbe,fermée,géométrie différentielle,variété,compacte,
omnis,concept,ontologie,métaphysique,sciences sociales,holisme,individualisme,méthodologique,abstraite,société,
concept,idée,abstraite,chose,désignée,mot,énoncé,signifiant,conceptualisme,art conceptuel,
proposition,délibération,grammaire,proposition,grammaire,logique mathématique,formule,variables propositionnelles,calcul des propositions,théorème,
relation,Globe,sociologie,relations humaines,psychologie,sujets,Relation familiale,communication,contact,philosophie,
album,album,album,album musical,album,Joan Jett,1983,album,Public Image Ltd,1986,
CD,données,numérique,Sony,Philips,1982,laser,micromètre,binaires,rayon,
disque optique,audio,vidéo,média amovible,polycarbonate,mémoires de masse,ISO 9660,CD,DVD,Blu-ray,
informatique,technique,industriel,traitement automatique de l'information,programmes informatiques,machines,systèmes embarqués,ordinateurs,robots,automates,
scientifique,science,méthodes scientifiques,,désuétude,charlatans,scepticisme scientifique,allégations,siècle des Lumières,sciences pures,
sciences de la nature,agroécologie,agronomie,anatomie,anthropologie,archéologie,biochimie,bioclimatologie,biogéographie,biologie,
monde,monde,foule,société mondaine,planète,Terre,l'ensemble des pays et nations,univers,meuble héraldique,boule cerclée et surmontée d'une croix,
matière,réalité,tangible,états,état solide,"liquide,",gazeux,état plasma,espace,masse,
corps,Corps de logis,corps de bâtiment,Corps,corps humain,Corps,corps,corps commutatifs,corps gauches,Corps militaire,
physique,science,Isaac Newton,physique classique,corps noir,catastrophe ultraviolette,planète Mercure,physique classique,"monde des milieux solides, liquides et gazeux",Isaac Newton,
notion,connaissance,empiriques,concept,philosophie,,,,,,
sagesse,grec ancien,éthique,conscience,tempérance,prudence,sincérité,discernement,justice,savoir,
concept,idée,abstraite,chose,désignée,mot,énoncé,signifiant,conceptualisme,art conceptuel,
Antiquité,Histoire,écriture,Préhistoire,Protohistoire,Moyen Âge,Époque moderne,latin,histoire européenne,civilisations,
époque,Périodes de l'Histoire,Époque,Belle Époque,sciences de la Terre ,géologie,époque,échelle des temps géologiques,série,géophysique,
historiens,sources,méthode,Hérodote ,Cicéron,guerres médiques,guerre de Troie,Thucydide,Xénophon,guerre du Péloponnèse,
histoire,synecdoque,historiens,temps révolus,vision du monde,culture,sources,spéculation,idéologie,méthodes,
passés,temps,futur,présent,essence,physique,théorie de la relativité,aporétiques,histoire,archéologie,
arcadochypriote,Arcadie,Péloponnèse,Chypre,Proto-grec,Mycénien,Grec ancien,Koinè,Grec médiéval,Grec moderne,
signes linguistiques,langage,linguistique,sémiotique,sémiologie,sémantique,concepts,signifiés et signifiants,phonétique,phonologie,
vocaux,instrument de musique,air,cordes vocales,larynx,cage thoracique,pharynx,cavité buccale,fosses nasales,fréquences,
sons,Self Organizing Network,son,ondes,phones,phonèmes,son,Sons,son,son musical,
vibration,oscillation,degré de liberté,principe de superposition,guidonnage,décibel,hertz,organismes vivants,proies,prédateurs,
oscillation,mouvement,équilibre,pendule,véhicule,amortisseur,excentrique,électroaimant,courant alternatif,cristal piézoélectrique,
mouvement,Mouvement philosophie,Mouvement,Mouvement,Mouvement,Guerre de mouvement,Mouvement,Mouvement,Mouvement,Mouvement mélodique,
mécanique,mécanique,mécanique rationnelle,mécanique classique,mécanique analytique,mécanique céleste,mécanique du point matériel,mécanique du solide,mécanique statique,mécanique des milieux continus,
nombres,comparer,grandeurs,chiffres,opérations,calcul,arithmétique,théorie des nombres,mathématiques,mesures physiques,
proposition,énoncé,vérité,,,,,,,,
formes,Forme art,arts plastiques,couleur,expression plastique,forme art martial,art martial,forme géométrie,géométrie,forme botanique,
nom commun,substantif,nom propre,nom vernaculaire,nom vulgaire,,,,,,
graphiques,mathématiques,représentation graphique,données,relation binaire,fonction mathématique,calculatrice graphique,représentation graphique de données statistiques,informatique,tableur,
Adjectif,catégorie,mot,nom,adjectif relationnel,phrase,déterminant,phrase,fonction syntaxique,épithète,
théorie des ensembles,mathématicien,Georg Cantor,ensembles,appartenance,théorie fondamentale,Hilbert,infini,ordinaux,cardinaux,
appartenance,sociologie,ethnologie,anthropologie,Lucien Lévy-Bruhl,totem,,,,,
relation d'appartenance,relation,symétrique,ensembles,classes,théorie des ensembles,,,,,
sens,nom propre,Sens,Yonne,Sénons,Sens,Sens,Sens-Beaujeu,Cher,Sens-de-Bretagne,
raisonnements,cognitif,comprendre,expériences,mathématiques,système judiciaire,physique,pédagogie,objectifs,Prise de décision,
processus,anatomie,processus,écologie,biologie,gène,génome,cellule,organe,organisme,
gestuels,congrès de Milan,William Stokoe,linguistiques,phonologie,grammaire,syntaxe,William Stokoe,double articulation,André Martinet,
axiomatique,Axiomatique,Greg Egan,Axiomatique,,,,,,,
axiome,proposition,indémontrable,raisonnement,,,,,,,
symétrique,Symétrie transformation géométrique,Application multilinéaire symétrique,forme bilinéaire symétrique,Matrice symétrique,Endomorphisme symétrique,Relation symétrique,Élément symétrique,Tenseur symétrique,physique,
symétrie,isomorphisme,relations binaires,bijection,relations,prédicats,opérateurs binaires,opérateurs,relation ternaire,homéomorphisme,
automorphisme,bijection,symétrie,groupe,endomorphisme,isomorphisme,morphisme,structure algébrique,composition de fonctions,élément neutre,
isomorphisme,ensembles,structurés,application,bijective,réciproque,théorie des catégories,morphisme,logarithmes,exponentielles,
empiriques,expérience,connaissance,croyance,esthétique,innéisme,rationalisme,idées,principes,associationniste,